feature_name,category,data_type,description,source_columns,calculation,available_at_reference_time,leakage_risk,transformation
invoice_count,Activity,float,Number of invoices,invoice_date/invoice_amount,groupby aggregation,YES (observation period only),"LOW (period summary, no future)",median-impute + RobustScaler (pipeline); log1p pre-applied to totals/avgs
active_months,Activity,float,Distinct invoice months,invoice_date/invoice_amount,groupby aggregation,YES (observation period only),"LOW (period summary, no future)",median-impute + RobustScaler (pipeline); log1p pre-applied to totals/avgs
customer_lifetime_days,Activity,float,Last minus first invoice date (days),invoice_date/invoice_amount,groupby aggregation,YES (observation period only),"LOW (period summary, no future)",median-impute + RobustScaler (pipeline); log1p pre-applied to totals/avgs
avg_days_between_invoices,Activity,float,Mean gap between consecutive invoices,invoice_date/invoice_amount,groupby aggregation,YES (observation period only),"LOW (period summary, no future)",median-impute + RobustScaler (pipeline); log1p pre-applied to totals/avgs
invoice_frequency,Activity,float,Invoices per 30.44-day month of lifetime,invoice_date/invoice_amount,groupby aggregation,YES (observation period only),"LOW (period summary, no future)",median-impute + RobustScaler (pipeline); log1p pre-applied to totals/avgs
total_invoice_amount,Invoice Value,float,"Sum of invoice amounts (same-currency assumption, see notes)",invoice_date/invoice_amount,groupby aggregation,YES (observation period only),"LOW (period summary, no future)",median-impute + RobustScaler (pipeline); log1p pre-applied to totals/avgs
avg_invoice_amount,Invoice Value,float,Mean invoice amount,invoice_date/invoice_amount,groupby aggregation,YES (observation period only),"LOW (period summary, no future)",median-impute + RobustScaler (pipeline); log1p pre-applied to totals/avgs
median_invoice_amount,Invoice Value,float,Median invoice amount,invoice_date/invoice_amount,groupby aggregation,YES (observation period only),"LOW (period summary, no future)",median-impute + RobustScaler (pipeline); log1p pre-applied to totals/avgs
min_invoice_amount,Invoice Value,float,Min invoice amount,invoice_date/invoice_amount,groupby aggregation,YES (observation period only),"LOW (period summary, no future)",median-impute + RobustScaler (pipeline); log1p pre-applied to totals/avgs
max_invoice_amount,Invoice Value,float,Max invoice amount,invoice_date/invoice_amount,groupby aggregation,YES (observation period only),"LOW (period summary, no future)",median-impute + RobustScaler (pipeline); log1p pre-applied to totals/avgs
std_invoice_amount,Invoice Value,float,Std of invoice amounts,invoice_date/invoice_amount,groupby aggregation,YES (observation period only),"LOW (period summary, no future)",median-impute + RobustScaler (pipeline); log1p pre-applied to totals/avgs
invoice_amount_cv,Invoice Value,float,std/mean of amounts,invoice_date/invoice_amount,groupby aggregation,YES (observation period only),"LOW (period summary, no future)",median-impute + RobustScaler (pipeline); log1p pre-applied to totals/avgs
log_total_invoice_amount,Invoice Value,float,log1p(total),invoice_date/invoice_amount,groupby aggregation,YES (observation period only),"LOW (period summary, no future)",median-impute + RobustScaler (pipeline); log1p pre-applied to totals/avgs
log_avg_invoice_amount,Invoice Value,float,log1p(avg),invoice_date/invoice_amount,groupby aggregation,YES (observation period only),"LOW (period summary, no future)",median-impute + RobustScaler (pipeline); log1p pre-applied to totals/avgs
paid_invoice_count,Payment Behaviour,float,Paid invoices in period,payment_date/due_date/invoice_amount,groupby aggregation; streaks/recent on sorted paid history,YES (observation period only),"LOW (period summary, no future)",median-impute + RobustScaler (pipeline); log1p pre-applied to totals/avgs
open_invoice_count,Payment Behaviour,float,Open invoices (exposure only),payment_date/due_date/invoice_amount,groupby aggregation; streaks/recent on sorted paid history,YES (observation period only),"LOW (period summary, no future)",median-impute + RobustScaler (pipeline); log1p pre-applied to totals/avgs
late_invoice_count,Payment Behaviour,float,Paid with delay>0,payment_date/due_date/invoice_amount,groupby aggregation; streaks/recent on sorted paid history,YES (observation period only),"LOW (period summary, no future)",median-impute + RobustScaler (pipeline); log1p pre-applied to totals/avgs
on_time_invoice_count,Payment Behaviour,float,Paid with delay==0,payment_date/due_date/invoice_amount,groupby aggregation; streaks/recent on sorted paid history,YES (observation period only),"LOW (period summary, no future)",median-impute + RobustScaler (pipeline); log1p pre-applied to totals/avgs
late_payment_ratio,Payment Behaviour,float,late/paid (0 if no paid),payment_date/due_date/invoice_amount,groupby aggregation; streaks/recent on sorted paid history,YES (observation period only),"LOW (period summary, no future)",median-impute + RobustScaler (pipeline); log1p pre-applied to totals/avgs
early_payment_ratio,Payment Behaviour,float,early(delay<0)/paid,payment_date/due_date/invoice_amount,groupby aggregation; streaks/recent on sorted paid history,YES (observation period only),"LOW (period summary, no future)",median-impute + RobustScaler (pipeline); log1p pre-applied to totals/avgs
avg_payment_delay,Payment Behaviour,float,Mean paid delay (days),payment_date/due_date/invoice_amount,groupby aggregation; streaks/recent on sorted paid history,YES (observation period only),"LOW (period summary, no future)",median-impute + RobustScaler (pipeline); log1p pre-applied to totals/avgs
median_payment_delay,Payment Behaviour,float,Median paid delay,payment_date/due_date/invoice_amount,groupby aggregation; streaks/recent on sorted paid history,YES (observation period only),"LOW (period summary, no future)",median-impute + RobustScaler (pipeline); log1p pre-applied to totals/avgs
std_payment_delay,Payment Behaviour,float,Std paid delay,payment_date/due_date/invoice_amount,groupby aggregation; streaks/recent on sorted paid history,YES (observation period only),"LOW (period summary, no future)",median-impute + RobustScaler (pipeline); log1p pre-applied to totals/avgs
min_payment_delay,Payment Behaviour,float,Min paid delay,payment_date/due_date/invoice_amount,groupby aggregation; streaks/recent on sorted paid history,YES (observation period only),"LOW (period summary, no future)",median-impute + RobustScaler (pipeline); log1p pre-applied to totals/avgs
max_payment_delay,Payment Behaviour,float,Max paid delay,payment_date/due_date/invoice_amount,groupby aggregation; streaks/recent on sorted paid history,YES (observation period only),"LOW (period summary, no future)",median-impute + RobustScaler (pipeline); log1p pre-applied to totals/avgs
has_payment_history,Payment Behaviour,float,1 if any paid invoice,payment_date/due_date/invoice_amount,groupby aggregation; streaks/recent on sorted paid history,YES (observation period only),"LOW (period summary, no future)",median-impute + RobustScaler (pipeline); log1p pre-applied to totals/avgs
payment_delay_cv,Consistency,float,std/|mean| of paid delays,payment_date/due_date/invoice_amount,groupby aggregation; streaks/recent on sorted paid history,YES (observation period only),"LOW (period summary, no future)",median-impute + RobustScaler (pipeline); log1p pre-applied to totals/avgs
late_payment_streak,Consistency,float,Trailing consecutive late paid invoices,payment_date/due_date/invoice_amount,groupby aggregation; streaks/recent on sorted paid history,YES (observation period only),"LOW (period summary, no future)",median-impute + RobustScaler (pipeline); log1p pre-applied to totals/avgs
on_time_payment_streak,Consistency,float,Trailing consecutive non-late paid invoices,payment_date/due_date/invoice_amount,groupby aggregation; streaks/recent on sorted paid history,YES (observation period only),"LOW (period summary, no future)",median-impute + RobustScaler (pipeline); log1p pre-applied to totals/avgs
days_since_last_invoice,Recency,float,REFERENCE_DATE minus last invoice (days),invoice_date/payment_date,groupby aggregation; streaks/recent on sorted paid history,YES (observation period only),"LOW (period summary, no future)",median-impute + RobustScaler (pipeline); log1p pre-applied to totals/avgs
days_since_last_payment,Recency,float,REFERENCE_DATE minus last payment (NaN if none),invoice_date/payment_date,groupby aggregation; streaks/recent on sorted paid history,YES (observation period only),"LOW (period summary, no future)",median-impute + RobustScaler (pipeline); log1p pre-applied to totals/avgs
recent_avg_delay,Recent Behaviour,float,Mean delay of last 3 paid,payment_date/due_date/invoice_amount,groupby aggregation; streaks/recent on sorted paid history,YES (observation period only),"LOW (period summary, no future)",median-impute + RobustScaler (pipeline); log1p pre-applied to totals/avgs
recent_late_ratio,Recent Behaviour,float,Late share of last 3 paid,payment_date/due_date/invoice_amount,groupby aggregation; streaks/recent on sorted paid history,YES (observation period only),"LOW (period summary, no future)",median-impute + RobustScaler (pipeline); log1p pre-applied to totals/avgs
recent_avg_invoice_amount,Recent Behaviour,float,Mean amount of last 3 paid,payment_date/due_date/invoice_amount,groupby aggregation; streaks/recent on sorted paid history,YES (observation period only),"LOW (period summary, no future)",median-impute + RobustScaler (pipeline); log1p pre-applied to totals/avgs
payment_term_count,Payment Terms,float,Distinct payment terms used,invoice_date/payment_date,groupby aggregation; streaks/recent on sorted paid history,YES (observation period only),"LOW (period summary, no future)",median-impute + RobustScaler (pipeline); log1p pre-applied to totals/avgs
payment_term_consistency,Payment Terms,float,Share under dominant term,invoice_date/payment_date,groupby aggregation; streaks/recent on sorted paid history,YES (observation period only),"LOW (period summary, no future)",median-impute + RobustScaler (pipeline); log1p pre-applied to totals/avgs
currency_count,Currency,float,Distinct currencies used,invoice_date/payment_date,groupby aggregation; streaks/recent on sorted paid history,YES (observation period only),"LOW (period summary, no future)",median-impute + RobustScaler (pipeline); log1p pre-applied to totals/avgs
currency_consistency,Currency,float,Share under dominant currency,invoice_date/payment_date,groupby aggregation; streaks/recent on sorted paid history,YES (observation period only),"LOW (period summary, no future)",median-impute + RobustScaler (pipeline); log1p pre-applied to totals/avgs
