Algorithm,Parameters,Number of Clusters,Silhouette Score,Calinski-Harabasz Score,Davies-Bouldin Score,Noise Percentage,Minimum Cluster Size,Maximum Cluster Size
KMeans,K=2,2,0.9880652114194571,2310.5874580399864,0.0076746072420522254,0.0,1,1424
KMeans,K=3,3,0.9321679379957593,2494.62740916285,0.4646496490847019,0.0,1,1410
KMeans,K=4,4,0.9073378942765229,2927.6106760862535,0.5533435860512405,0.0,1,1396
KMeans,K=5,5,0.8996691958404375,3674.1327719733017,0.42784768089622893,0.0,1,1395
KMeans,K=6,6,0.8006039783294909,3954.670095899437,0.5719090887455581,0.0,1,1350
KMeans,K=7,7,0.7237114286846682,3858.041607600502,0.6923291061366869,0.0,1,1317
KMeans,K=8,8,0.7621929735013099,3770.4108056301666,0.5727591588481096,0.0,1,1330
KMeans,K=9,9,0.7320565122525118,3778.763248622917,0.6204138754696303,0.0,1,1319
KMeans,K=10,10,0.6677134668733274,3639.833897252038,0.6900868380568134,0.0,1,1283
Agglomerative-ward,K=2,2,0.9880652114194571,2310.5874580399864,0.0076746072420522254,0.0,1,1424
Agglomerative-ward,K=3,3,0.9307455678682947,2461.53992170606,0.5838514098492853,0.0,1,1405
Agglomerative-ward,K=4,4,0.9207398575606931,2820.4954548155956,0.548400032318752,0.0,1,1405
Agglomerative-ward,K=5,5,0.9140131936512582,3522.1789629081095,0.3821003086096099,0.0,1,1405
Agglomerative-ward,K=6,6,0.7827411078381799,3855.978119787917,0.560998100220916,0.0,1,1351
Agglomerative-ward,K=7,7,0.7836470934668937,3768.5481635448095,0.6360289473473161,0.0,1,1351
Agglomerative-ward,K=8,8,0.7830877818168763,3670.7476381693928,0.5385254077717947,0.0,1,1351
Agglomerative-ward,K=9,9,0.6270506435211779,3584.9514338713752,0.7704825856007841,0.0,1,1257
Agglomerative-ward,K=10,10,0.6328605752213144,3520.1776735909466,0.8003917409820481,0.0,1,1257
Agglomerative-complete,K=2,2,0.9880652114194571,2310.5874580399864,0.0076746072420522254,0.0,1,1424
Agglomerative-complete,K=3,3,0.968978901847934,2355.0877335168875,0.1828119816803254,0.0,1,1422
Agglomerative-complete,K=4,4,0.9542372203322338,2239.70276178485,0.2164538600225496,0.0,1,1420
Agglomerative-complete,K=5,5,0.9313539060661707,2658.3331628466362,0.34910985586272314,0.0,1,1415
Agglomerative-complete,K=6,6,0.9308064113347239,2271.514419340305,0.24008504047922927,0.0,1,1415
Agglomerative-average,K=2,2,0.9880652114194571,2310.5874580399864,0.0076746072420522254,0.0,1,1424
Agglomerative-average,K=3,3,0.968978901847934,2355.0877335168875,0.1828119816803254,0.0,1,1422
Agglomerative-average,K=4,4,0.9542372203322338,2239.70276178485,0.2164538600225496,0.0,1,1420
Agglomerative-average,K=5,5,0.9530590011639256,1760.353949278801,0.11388565727545692,0.0,1,1420
Agglomerative-average,K=6,6,0.9308064113347239,2271.514419340305,0.24008504047922927,0.0,1,1415
DBSCAN,"eps=0.5,min_samples=5",10,0.4062539666478594,,0.6661278989091737,91.72,,
DBSCAN,"eps=0.5,min_samples=10",2,0.5622533918607004,,0.44796075545225755,96.7,,
DBSCAN,"eps=1.0,min_samples=5",7,0.29765319953980235,,1.0171701145944967,76.0,,
DBSCAN,"eps=1.0,min_samples=10",5,0.33799420240119066,,0.9863504840196823,80.91,,
DBSCAN,"eps=2.0,min_samples=5",8,0.16117045695272963,,1.3670104170757367,58.88,,
DBSCAN,"eps=2.0,min_samples=10",6,0.20608215899970442,,1.3054200994345735,66.11,,
DBSCAN,"eps=3.0,min_samples=5",1,,,,35.58,,
DBSCAN,"eps=3.0,min_samples=10",1,,,,39.23,,
