feature,importance,rank
previous_median_delay,1.2282051618919763,1
days_until_due,0.6407291828362152,2
previous_late_ratio,0.6017081839114703,3
previous_avg_delay,0.5693397224330661,4
previous_avg_invoice_amount,0.1648684335460974,5
invoice_amount,0.16038162799183722,6
invoice_day_of_month,0.13085855674575014,7
previous_min_delay,0.13073940752959565,8
cust_payment_terms_NAM4,0.11639563537057222,9
cust_payment_terms_NAA8,0.10514606915532632,10
previous_max_delay,0.08464629592509736,11
previous_invoice_count,0.08343700341734639,12
previous_total_invoice_amount,0.07508200360268687,13
cust_payment_terms_CA10,0.07199393503283975,14
invoice_day_of_week,0.060224206523043035,15
invoice_week_of_year,0.050181844147224285,16
cust_payment_terms_NAH4,0.038228498590055615,17
previous_late_count,0.032439902670269305,18
previous_days_since_invoice,0.018710214402861337,19
cust_payment_terms_Rare,0.012348724503794806,20
invoice_month,0.0036258012288864273,21
invoice_currency_CAD,0.0031556671812005277,22
cust_payment_terms_NAD1,0.00036141893067007656,23
log_invoice_amount,0.0,24
invoice_is_weekend,0.0,24
previous_paid_invoice_count,0.0,24
invoice_year,0.0,24
invoice_quarter,0.0,24
has_payment_history,0.0,24
cust_payment_terms_NAC6,0.0,24
cust_payment_terms_NAAX,0.0,24
invoice_currency_USD,0.0,24
