params,mean_test_score,std_test_score,rank_test_score
"{'colsample_bytree': np.float64(0.7599443886861021), 'learning_rate': np.float64(0.025599879585633853), 'max_depth': 6, 'min_child_weight': 7, 'n_estimators': 389, 'reg_alpha': np.float64(0.0906064345328208), 'reg_lambda': np.float64(1.7367720186661746), 'subsample': np.float64(0.7529847965068651)}",-3.3437030897613287,0.39984306149499493,1
"{'colsample_bytree': np.float64(0.9332779646944658), 'learning_rate': np.float64(0.040803758420932645), 'max_depth': 3, 'min_child_weight': 4, 'n_estimators': 761, 'reg_alpha': np.float64(0.662522284353982), 'reg_lambda': np.float64(1.123422152178822), 'subsample': np.float64(0.8080272084711243)}",-3.3890799544589556,0.4014127156256291,2
"{'colsample_bytree': np.float64(0.8186841117373118), 'learning_rate': np.float64(0.042182534663063244), 'max_depth': 4, 'min_child_weight': 2, 'n_estimators': 755, 'reg_alpha': np.float64(0.9394989415641891), 'reg_lambda': np.float64(2.289654700855298), 'subsample': np.float64(0.8391599915244341)}",-3.4515654224874712,0.43210848231515736,3
"{'colsample_bytree': np.float64(0.9687496940092467), 'learning_rate': np.float64(0.030619100246230338), 'max_depth': 6, 'min_child_weight': 1, 'n_estimators': 495, 'reg_alpha': np.float64(0.8445338486781514), 'reg_lambda': np.float64(1.9946402202747617), 'subsample': np.float64(0.815876852955632)}",-3.4638996663309367,0.42240534050582723,4
"{'colsample_bytree': np.float64(0.6727299868828402), 'learning_rate': np.float64(0.042008541182412054), 'max_depth': 6, 'min_child_weight': 2, 'n_estimators': 221, 'reg_alpha': np.float64(0.007066305219717406), 'reg_lambda': np.float64(0.5461248500828315), 'subsample': np.float64(0.8099098641033556)}",-3.4709777548553085,0.4100095288427773,5
"{'colsample_bytree': np.float64(0.8253152871382157), 'learning_rate': np.float64(0.06624998030478993), 'max_depth': 4, 'min_child_weight': 5, 'n_estimators': 539, 'reg_alpha': np.float64(0.24102546602601171), 'reg_lambda': np.float64(1.8665270376509164), 'subsample': np.float64(0.8439986631130484)}",-3.5232884915765257,0.4527487182022944,6
"{'colsample_bytree': np.float64(0.8423839899124046), 'learning_rate': np.float64(0.13115610542160186), 'max_depth': 4, 'min_child_weight': 1, 'n_estimators': 227, 'reg_alpha': np.float64(0.8631034258755935), 'reg_lambda': np.float64(1.7465962536551158), 'subsample': np.float64(0.7323592099410596)}",-3.532591099148995,0.4238077033693085,7
"{'colsample_bytree': np.float64(0.9464704583099741), 'learning_rate': np.float64(0.09213380140918506), 'max_depth': 5, 'min_child_weight': 6, 'n_estimators': 508, 'reg_alpha': np.float64(0.9699098521619943), 'reg_lambda': np.float64(2.1648852816008435), 'subsample': np.float64(0.6849356442713105)}",-3.7814229622589473,0.4686443689344869,8
"{'colsample_bytree': np.float64(0.749816047538945), 'learning_rate': np.float64(0.13408571676918993), 'max_depth': 5, 'min_child_weight': 5, 'n_estimators': 220, 'reg_alpha': np.float64(0.15601864044243652), 'reg_lambda': np.float64(0.8119890406724053), 'subsample': np.float64(0.6232334448672797)}",-3.823306798595692,0.5776876158871671,9
"{'colsample_bytree': np.float64(0.9932923543227152), 'learning_rate': np.float64(0.07601154718975758), 'max_depth': 7, 'min_child_weight': 3, 'n_estimators': 220, 'reg_alpha': np.float64(0.450499251969543), 'reg_lambda': np.float64(0.5265299223197331), 'subsample': np.float64(0.9768807022739411)}",-3.839236842889857,0.4249244418294694,10
"{'colsample_bytree': np.float64(0.9947547746402069), 'learning_rate': np.float64(0.11266937231559888), 'max_depth': 6, 'min_child_weight': 7, 'n_estimators': 338, 'reg_alpha': np.float64(0.19884240408880516), 'reg_lambda': np.float64(1.9226839054973), 'subsample': np.float64(0.9160702162124823)}",-3.8585457470890403,0.5103638667844134,11
"{'colsample_bytree': np.float64(0.8347004662655393), 'learning_rate': np.float64(0.13583063687169655), 'max_depth': 6, 'min_child_weight': 4, 'n_estimators': 692, 'reg_alpha': np.float64(0.14092422497476265), 'reg_lambda': np.float64(2.1043939615080793), 'subsample': np.float64(0.6298202574719083)}",-4.341103916231723,0.43312841919053535,12
